time	good2bad daily avg price	good2bad cumul avg price	good2bad daily avg num transactions	good2bad cumul avg num transactions	good2bad daily avg market vol	good2bad cumul avg market vol	bad2bad daily avg price	bad2bad cumul avg price	bad2bad daily avg num transactions	bad2bad cumul avg num transactions	bad2bad daily avg market vol	bad2bad cumul avg market vol	good2good daily avg price	good2good cumul avg price	good2good daily avg num transactions	good2good cumul avg num transactions	good2good daily avg market vol	good2good cumul avg market vol	bad2good daily avg price	bad2good cumul avg price	bad2good daily avg num transactions	bad2good cumul avg num transactions	bad2good daily avg market vol	bad2good cumul avg market vol	average price ratio	latest price ratio	average num transactions ratio	latest num transactions ratio	average market volume	latest market volume	average cost of being bad	latest cost of being bad
2.220446049250313e-16	57.80967954552181	57.80967954552181	1010	1010	58387.77634097703	58387.77634097703	3.0473633769768225	3.0473633769768225	17123	17123	52180.00310397413	52180.00310397413	62.73336364762986	62.73336364762986	4794	4794	300743.7453267375	300743.7453267375	0	0	0	0	0	0	39.556504519240505	39.556504519240505	0.33895929451614787	0.33895929451614787	6.88255079157637	6.88255079157637	0.8936802593619886	0.8936802593619886
0.9999999999999993	58.00505981294106	57.90443050641715	951	1961	55162.81188210695	113550.58822308404	2.8680998341814425	2.9577289883638493	17124	34247	49113.341560523026	101293.34466449675	62.257254841413214	62.49471485150487	4818	9612	299955.45382592885	600699.1991526647	0	0	0	0	0	0	40.70661843312567	41.93100715013193	0.3379274097001197	0.336895585143658	7.051300258091811	7.230586525464141	0.8920547770786846	0.8903342647848925
1.9999999999999987	57.35875398918305	57.72559377330929	956	2917	54834.968813659	168385.5570367432	2.8215094588348952	2.9123587329883063	17103	51350	48256.276274453216	149549.62093894952	61.88893157071818	62.29225559197745	4825	14437	298614.0948287152	899313.2939813784	0	0	0	0	0	0	41.2098441053445	42.263790818246264	0.3379552093476144	0.3380108752850377	7.139428667986977	7.324416447555227	0.8881380539443563	0.8800274226185558
2.999999999999998	57.84255480190771	57.75558683850683	1006	3923	58189.61013071916	226575.1671674623	2.932897723839553	2.91749265569746	17113	68463	50190.67874806627	199740.2996870152	62.19472381394123	62.268091169063126	4755	19192	295735.91173529055	1195049.2057166595	0	0	0	0	0	0	41.13932481481326	40.92787745039544	0.3376276236799439	0.33664465610939054	7.117363772417225	7.051618561337858	0.8815630688220419	0.8625367765021313
3.9999999999999973	57.04109387587238	57.610800358070435	997	4920	56869.97059424476	283445.13776170654	2.9087190096821636	2.915740203205871	17088	85551	49704.19043744881	249444.49012446546	62.27183839464476	62.26883711122243	4770	23962	297036.6691424555	1492085.8748591118	0	0	0	0	0	0	41.11464983659539	41.01906436247841	0.3375997942747601	0.33748829588014984	7.117940395215307	7.120257600454853	0.8800450489088101	0.8739971186564824
4.9999999999999964	58.31323644159842	57.73191002764432	1025	5945	59771.06735263838	343216.2051143455	2.8925147818487784	2.9118670752708127	17122	102673	49525.638094814785	298970.12821928016	62.52116583157604	62.31071331514322	4768	28730	298100.9186849546	1790186.7935440647	0	0	0	0	0	0	41.22531016688775	41.774860765254935	0.3377226729519932	0.33833664291554727	7.135839996341247	7.225994450641138	0.8710839516440538	0.828588818777864
5.999999999999996	58.11631049438304	57.7854489373015	962	6907	55907.890695596485	399124.0958099415	2.8400365839288675	2.901616457994103	17091	119764	48539.065255928275	347509.19347520574	61.96787045345296	62.26143214440037	4823	33553	298871.03919700364	2089057.8327410656	0	0	0	0	0	0	41.3724152794097	42.282617635056376	0.33783106776660765	0.3384822421157334	7.160046339115155	7.309142193447359	0.8706795633824268	0.868197040739929
6.999999999999995	57.65707998423346	57.7694414541159	984	7891	56734.566704485725	455858.66251442855	2.9640236024632127	2.9094228788722116	17123	136887	50752.97614497759	398262.16962018044	62.36544685324289	62.27442855766136	4791	38344	298792.85587388667	2387850.6886149673	0	0	0	0	0	0	41.26037190520418	40.49310765870191	0.3377603424722581	0.33726566606318986	7.140294931455377	7.005055655510651	0.8736527401353811	0.8945688509323682
8.000000000000004	59.09368984788606	57.917060630991486	990	8881	58502.7529494072	514361.4154638354	2.987284075513681	2.9180701340980075	17102	153989	51088.53225943497	449350.70187961805	62.44682720952865	62.29350576902792	4771	43115	297933.8126166612	2685784.5012316387	0	0	0	0	0	0	41.19522865312392	40.68595887939286	0.3376604822422381	0.33686118582621916	7.121711178617008	6.976840981769292	0.8736088835015109	0.8732671487035149
9.000000000000012	57.40655535072058	57.86520961415866	1004	9885	57636.18157212346	571997.5970359583	2.9545820705375743	2.921724805739855	17128	171117	50606.08170416757	499956.78358378675	62.28282722342104	62.29243862782651	4787	47902	298147.8939185165	2983932.3951501455	0	0	0	0	0	0	41.12558718943354	40.509750521962864	0.33770461146467035	0.3381013545072396	7.112474735709177	7.030460836120021	0.8740539928393393	0.8780262731465178
10.000000000000021	57.218728868240895	57.807169215699155	975	10860	55788.26064653487	627785.8576824928	2.8549420555073293	2.9156525822591015	17115	188232	48862.33328000794	548819.1168637952	62.24014073329741	62.28766821847551	4808	52710	299250.59664569393	3283182.991795844	0	0	0	0	0	0	41.18969391789572	41.84283508349882	0.3377215351268647	0.337890739117733	7.126152732848323	7.266105268810264	0.8742138902105763	0.8758533195646938
11.00000000000003	56.63908629118178	57.71484787193647	932	11792	52787.62842338142	680573.4861058749	2.9295976351508854	2.916813798420133	17098	205330	50090.26036580984	598909.3772296059	62.65581712073976	62.318641546678634	4842	57552	303379.4664986219	3586562.458294449	0	0	0	0	0	0	41.1522632962139	40.72057608886533	0.3377197681780548	0.33770031582641247	7.124844102690376	7.110505961057306	0.8800069198353039	0.9489015108627834
12.000000000000039	58.35677548531932	57.76539967149025	1008	12800	58823.62968920187	739397.1157950752	2.9865191535867788	2.9221763755430956	17113	222443	51108.30227533055	650017.6795049328	61.81546554611146	62.280181668789005	4763	62315	294427.0623961289	3880989.520690587	0	0	0	0	0	0	41.08088147758309	40.23822880462868	0.3376820129201638	0.33722900718751825	7.108093798317372	6.9118064259364225	0.8791184948104207	0.8688396575553785
13.000000000000048	58.15353523964826	57.792950592208705	978	13778	56874.157464375996	796271.2732594515	2.9806296021366423	2.926357496438573	17137	239580	51079.04949181564	701096.7289967532	62.31221402950118	62.28248410951502	4826	67141	300718.7449063727	4181708.2655969476	0	0	0	0	0	0	41.032387480975096	40.41620910655737	0.33775356874530427	0.3386823831475754	7.1002749449134175	7.000774406110387	0.8804747233023849	0.8981064822597116
14.000000000000057	57.607108695652144	57.78055106175368	985	14763	56743.00206521736	853014.2753246696	2.8263359683159686	2.9196886152612245	17115	256695	48372.7400977278	749469.46909448	62.075427490885424	62.26867707290584	4797	71938	297775.8256737774	4479484.0912707	0	0	0	0	0	0	41.11713403517132	42.34547397344579	0.3377588188316874	0.3378323108384458	7.115030813781076	7.328896957723663	0.878613044089117	0.8524882071295905
15.000000000000064	57.868967629355346	57.78580671017185	933	15696	53991.746798188535	907006.0221228573	2.7942418105277964	2.9118443244003576	17122	273817	47843.00827985693	797312.4773743327	61.86022696498627	62.24301857342222	4822	76760	298290.0144251638	4777774.105695889	0	0	0	0	0	0	41.22089367133728	42.84854451151681	0.33765617182278673	0.33611727601915664	7.129927461488579	7.363286170524347	0.8790597393258915	0.8861170663487794
16.000000000000053	57.830024238380545	57.7884052456507	980	16676	56673.42375361294	963679.4458764711	2.853433767092542	2.908406437050904	17124	290941	48862.19982769268	846174.6772020272	62.183622893138114	62.23956003173689	4746	81506	295123.4742508335	5072897.579946747	0	0	0	0	0	0	41.269323210237005	42.05937720215758	0.3374636094603373	0.3343844896052324	7.1339608575664855	7.19977608959524	0.8780665405107061	0.862171306962511
17.000000000000043	57.39255386409186	57.76666651010345	969	17645	55613.38469430501	1019292.8305707753	2.817220150699759	2.903331077533522	17148	308089	48309.69114419947	894484.3683462252	62.23454424544575	62.23927981144865	4823	86329	300157.2068957848	5373054.78684255	0	0	0	0	0	0	41.33388274254317	42.462815012814616	0.3374804033899295	0.337765337065547	7.146405061534915	7.364373134329324	0.8775538702115064	0.8686702204828496
18.000000000000032	57.459380406095256	57.75002973899395	1010	18655	58033.97421015621	1077326.8047809321	2.9929769363184566	2.9080474380214563	17109	325198	51206.842403472474	945691.2107497016	62.50164679758729	62.253017509160834	4770	91099	298132.8552244914	5671187.642067043	0	0	0	0	0	0	41.26584927025849	40.08083916317842	0.33749900060885984	0.33783388859664504	7.13606552555147	6.955453855723292	0.8778127551945597	0.8823597401418537
19.00000000000002	57.1409105214018	57.72048407052869	951	19606	54341.00590585311	1131667.8106867855	2.9486648987480306	2.910076655740129	17101	342299	50425.11843349007	996116.3291831905	62.8555964435285	62.28317818742542	4800	95899	301706.8629289368	5972894.50499591	0	0	0	0	0	0	41.23728563000111	40.69519972102609	0.33743890575198876	0.33629612303374073	7.132261672196856	7.060922807834579	0.8802197250610745	0.9279386274308687
20.00000000000001	58.09425743310635	57.73851954249	994	20600	57745.69188850771	1189413.502575294	2.876494827394147	2.908478139519416	17108	359407	49211.07350705907	1045327.4026902547	62.4373036425452	62.290479656566	4769	100668	297763.5010712981	6270658.006067186	0	0	0	0	0	0	41.26866128651359	41.90223459739109	0.33741134702440406	0.33685994856207624	7.136588488394391	7.224170651526427	0.8788595391148099	0.8522033747915458
21.0	57.45764378651892	57.72523110432878	1023	21623	58779.16959360886	1248192.6721689012	2.9346132541774215	2.9096661907738546	17116	376523	50228.840458500745	1095556.243148744	62.360409797612725	62.29365721427418	4792	105460	298831.0837501602	6569489.089817354	0	0	0	0	0	0	41.248335874117146	40.82924842432667	0.3375172300231327	0.3397405935966347	7.135810517146445	7.119619925115094	0.877714048140556	0.8545347068659881
21.99999999999999	56.95231904544164	57.69378654541134	917	22540	52225.276564669985	1300417.9487335717	2.9265028309570216	2.9103979452349256	17108	393631	50066.61043201273	1145622.853580769	62.113289164207856	62.28570508966354	4864	110324	302119.038494707	6871608.12831204	0	0	0	0	0	0	41.224428374653144	40.685287213856135	0.33753439134621005	0.33791208791208793	7.133260349602014	7.077457650953903	0.8809651194805855	0.9586662575164306
22.99999999999998	58.78022871815863	57.71579306773156	466	23006	27391.586582661923	1327809.5353162324	3.01637406571076	2.914817970641273	17132	410763	51676.52049375674	1197299.3740745212	62.04676280227361	62.27482143167599	5265	115589	326676.20615397056	7198284.334465995	0	0	0	0	0	0	41.16573168821553	40.05703168382112	0.337408676049206	0.334520196124212	7.1211044241734935	6.8516182853179695	0.9017101792309176	1.886583690134491
23.999999999999968	56.39325176901336	57.712410022571184	59	23065	3327.201854371788	1331136.7371706043	2.9854506730147183	2.9176461113337795	17133	427896	51149.72638076117	1248449.100455279	62.25935791760276	62.2740981236724	5672	121261	353135.0781086429	7551419.41257464	0	0	0	0	0	0	41.12442138892323	39.74361752451944	0.3372922392357021	0.3345006712192844	7.114872481790401	6.968996809669935	0.9378819362381344	15.373196042660535
24.999999999999957	71.39788600413087	57.71300334070096	1	23066	71.39788600413087	1331208.1350566084	2.865496194121924	2.915640214578156	17117	445013	49048.698354784974	1297497.798810069	61.88524199135202	62.25645596242304	5763	127024	356644.6495961617	7908064.062170824	0	0	0	0	0	0	41.14686671670893	46.5131059217215	0.3372710460143861	0.3367412513875095	7.120838436643777	7.2726914158236	0.9746768853353606	686.9768994553588
25.999999999999947	0	57.71300334070096	0	23066	0	1331208.1350566084	2.8829559998074163	2.914429952672479	17112	462125	49333.14306870451	1346830.9418787693	61.82532885655346	62.237838098973555	5733	132757	354444.610334621	8262508.672505432	0	0	0	0	0	0	41.15756542018853	21.44511704676847	0.3371879902623749	0.3350280504908836	7.123178202439596	7.184715756727655	1.0117358108103032	0
26.999999999999936	0	57.71300334070096	0	23066	0	1331208.1350566084	2.70101283654436	2.9068039367858085	17125	479250	46254.84482582216	1393085.7867045987	62.04574962430998	62.22986902700076	5746	138503	356514.8773412851	8619023.549846686	0	0	0	0	0	0	41.262800992463305	22.971290171167972	0.3371288471570162	0.33553284671532846	7.142583593822296	7.707622383855834	1.0464823268566932	0
27.999999999999925	0	57.71300334070096	0	23066	0	1331208.1350566084	2.9725744838836894	2.9090718775475195	17116	496366	50878.58486615323	1443964.371570752	62.478670135535225	62.239796304887975	5756	144259	359627.22530014074	8978650.775146835	0	0	0	0	0	0	41.23404463512762	21.018369926228527	0.3371000431133478	0.336293526524889	7.139967656534575	7.068341744296062	1.0847021840873508	0
28.999999999999915	0	57.71300334070096	0	23066	0	1331208.1350566084	2.9514569699060798	2.9104850276259455	17120	513486	50528.94332479208	1494493.3148955363	61.91451994929897	62.22750756147905	5664	149923	350683.84099282935	9329334.616139624	0	0	0	0	0	0	41.20980172161006	20.977612271023283	0.33689136607424547	0.33084112149532713	7.133215414845394	6.940256770039478	1.1226593915248155	0
29.999999999999904	0	57.71300334070096	0	23066	0	1331208.1350566084	2.9197234435689587	2.910783290409676	17131	530617	50017.78231177983	1544511.097207311	61.86546857614895	62.2141978690764	5722	155645	353994.2111927243	9683328.827332396	0	0	0	0	0	0	41.20100647990812	21.188811122647614	0.33679848176745186	0.3340143599322865	7.131406813654369	7.077367184857256	1.1602326161728513	0
30.999999999999893	0	57.71300334070096	0	23066	0	1331208.1350566084	2.965899509314891	2.9125051188020503	17111	547728	50749.506503887096	1595260.6037112095	61.773081755340534	62.19864839755918	5687	161332	351303.5159426216	10034632.343275018	0	0	0	0	0	0	41.171310211321206	20.82777301163849	0.33665980194549117	0.3323593010344223	7.124754696436537	6.922304080251775	1.1983555100821048	0
31.999999999999922	0	57.71300334070096	0	23066	0	1331208.1350566084	2.881653393864889	2.911570562320934	17110	564838	49305.089569028256	1644565.6932802317	62.30075173332393	62.202143910768754	5719	167051	356297.99916287954	10390930.342437832	0	0	0	0	0	0	41.18572594575223	21.619793645538273	0.3365867735527709	0.3342489772063121	7.127801902588397	7.226393913432693	1.2353933618429234	0
32.99999999999995	0	57.71300334070096	0	23066	0	1331208.1350566084	2.9858098826548334	2.913754405671552	17119	581957	51114.07938116809	1695679.7726613993	62.13917782218549	62.200047288138386	5754	172805	357548.8291888553	10748479.171626754	0	0	0	0	0	0	41.154137903809435	20.811498475895736	0.33657297704125905	0.33611776388807757	7.123802206901412	6.995114330878209	1.2737901219250678	0
33.99999999999998	0	57.71300334070096	0	23066	0	1331208.1350566084	2.8376024649829117	2.911580535465789	17101	599058	48525.83975367277	1744205.6124150646	61.97599271469996	62.19287822455646	5712	178517	354006.8703863662	11102486.042013146	0	0	0	0	0	0	41.182402514610544	21.840970847575434	0.33649997162211337	0.33401555464592714	7.128571361408357	7.2952239916584345	1.3102426033032724	0
35.00000000000001	0	57.71300334070096	0	23066	0	1331208.1350566084	2.996671365190144	2.9139439087769614	17114	616172	51285.03374386412	1795490.6461589178	61.987567830338804	62.18652771766856	5698	184215	353205.1614972705	11455691.203510314	0	0	0	0	0	0	41.146821905948656	20.685474073132337	0.33640119966502857	0.33294378871099684	7.12167415960749	6.887100109191776	1.348767783846638	0
36.000000000000036	0	57.71300334070096	0	23066	0	1331208.1350566084	3.0251442540853692	2.916946608888114	17100	633272	51729.96674485981	1847220.6129037936	62.36734382774283	62.191969403782146	5716	189931	356491.737319378	11812182.940829746	0	0	0	0	0	0	41.10633097607113	20.616320608023088	0.33634362485630187	0.3342690058479532	7.115225427906636	6.8913969938865485	1.3876271968734943	0
37.000000000000064	0	57.71300334070096	0	23066	0	1331208.1350566084	2.969025928315843	2.9183157559944948	17098	650370	50764.40532234428	1897985.0182261395	62.11019126559395	62.18957247420561	5735	195666	356201.9469081813	12168384.887737915	0	0	0	0	0	0	41.086224329432284	20.919383247294668	0.3363193259221674	0.33541934729208095	7.112591982107039	7.016765874560471	1.4257612827354225	0
38.00000000000009	0	57.71300334070096	0	23066	0	1331208.1350566084	3.042267786331554	2.9214927465994625	17108	667478	52047.11728856022	1950032.135514716	62.23733668002703	62.190931202749404	5729	201395	356557.70183987485	12524942.589577716	0	0	0	0	0	0	41.042010007731584	20.45754714941594	0.33628224450843325	0.33487257423427635	7.105601221785484	6.850671476443999	1.4648589384046942	0
39.00000000000012	0	57.71300334070096	0	23066	0	1331208.1350566084	2.8404051629485547	2.9194650743419057	17119	684597	48624.89598451631	1998657.0314992457	61.65918640420663	62.1763256367973	5688	207083	350717.4522671273	12875660.041844895	0	0	0	0	0	0	41.06551231976057	21.707884216137582	0.3361817244305774	0.33226239850458555	7.108207137592064	7.212713676113707	1.501385830559287	0
40.00000000000015	0	57.71300334070096	0	23066	0	1331208.1350566084	2.893565632051847	2.9188335219625388	17111	701708	49511.801530039156	2048168.8330292893	62.619929872312916	62.18826158806131	5726	212809	358561.7184488638	13234221.760293739	0	0	0	0	0	0	41.07848701427279	21.641095394096418	0.33614409412462165	0.3346385366138741	7.111440063174743	7.241944493401677	1.5385789637938119	0
41.00000000000018	0	57.71300334070096	0	23066	0	1331208.1350566084	2.798829343977804	2.9159778815325095	17105	718813	47873.975928740336	2096042.8089580277	62.55219833995033	62.197852498441364	5760	218569	360300.6624381139	13594522.42273183	0	0	0	0	0	0	41.122004593574786	22.349414934691495	0.3361583610758292	0.3367436422098802	7.120909217120536	7.526023386367904	1.5745417668056059	0
42.000000000000206	0	57.71300334070096	0	23066	0	1331208.1350566084	2.952754231485514	2.9168329211870816	17110	735923	50521.62490071714	2146564.4338587606	61.7784767166649	62.187195505110566	5699	224268	352075.53880827327	13946597.961540136	0	0	0	0	0	0	41.10629648166992	20.92232264301404	0.3360867916888044	0.3330800701344243	7.117329373212745	6.968808693310172	1.6124934766624455	0
43.000000000000234	0	57.71300334070096	0	23066	0	1331208.1350566084	2.9781396739879376	2.918226138059431	17113	753036	50964.90424095558	2197529.338099722	61.92544471831177	62.18069219617432	5714	229982	353841.9911204335	14300439.952660562	0	0	0	0	0	0	41.08444303655044	20.79333123936033	0.33603705533334394	0.33389820604219017	7.113283002280364	6.942855998463445	1.6507781767771978	0
44.00000000000026	0	57.71300334070096	0	23066	0	1331208.1350566084	3.0269895299854146	2.9206449727192028	17128	770164	51846.27666959018	2249375.614769312	62.2512498539006	62.18239659734315	5693	235675	354396.36541825614	14654836.318078848	0	0	0	0	0	0	41.0510010829622	20.56539979317357	0.3359557185222888	0.33237972909855207	7.1068808375852015	6.83552201205845	1.689724961509238	0
45.00000000000029	0	57.71300334070096	0	23066	0	1331208.1350566084	2.8847245108949258	2.9198644839161685	17106	787270	49346.0974833686	2298721.712252682	62.118312198211015	62.18086900873771	5755	241430	357490.8867007044	15012327.204779545	0	0	0	0	0	0	41.061450971394095	21.53353360558513	0.33596605992861406	0.33643166140535485	7.109836415918286	7.244562486855047	1.726793618305924	0
46.00000000000032	0	57.71300334070096	0	23066	0	1331208.1350566084	2.9056183305546446	2.9195615574079667	17104	804374	49697.69592580664	2348419.4081784757	61.85392528186671	62.173276432809395	5740	247170	355041.5311179149	15367368.735897498	0	0	0	0	0	0	41.06311081858034	21.28769791662885	0.3359581488213194	0.33559401309635173	7.110559899479866	7.144023973424321	1.764126394914655	0
47.00000000000035	0	57.71300334070096	0	23066	0	1331208.1350566084	2.799809729662362	2.917069631071867	17094	821468	47859.947518848414	2396279.3556973445	62.03564759533647	62.17017677002688	5695	252865	353293.0130554412	15720661.748952847	0	0	0	0	0	0	41.09712666223781	22.15709408325313	0.3358998768059133	0.33315783315783315	7.115977460418911	7.38180945385086	1.8000786598223764	0
48.00000000000038	0	57.71300334070096	0	23066	0	1331208.1350566084	2.9951527888726073	2.9186617130691235	17098	838566	51211.12238414384	2447490.4780815225	62.11648608729408	62.16899703114632	5681	258546	352883.75746191764	16073545.506414756	0	0	0	0	0	0	41.07430464964204	20.7390041396436	0.33582568336898944	0.33226108316762193	7.111265109032892	6.8907639792557775	1.838548318349516	0
49.000000000000405	0	57.71300334070096	0	23066	0	1331208.1350566084	2.875528295330944	2.9178001607852364	17091	855657	49145.65409550116	2496636.132177013	62.07998610244814	62.16705722293438	5760	264306	357580.7199501013	16431126.226364894	0	0	0	0	0	0	41.08576802990281	21.589071546695862	0.33584952849097244	0.33701948393891523	7.114506648565215	7.275937751387758	1.8754664026079182	0
50.00000000000043	0	57.71300334070096	0	23066	0	1331208.1350566084	2.9520843108416623	2.9184723551181686	17112	872769	50516.066727122525	2547152.1989041287	62.45548033566741	62.17318156795138	5734	270040	358119.7242447169	16789245.95060959	0	0	0	0	0	0	41.078403466253896	21.156401294602883	0.3358345679097218	0.33508648901355775	7.114005238266576	7.089224229970369	1.9134139371795633	0
51.00000000000046	0	57.71300334070096	0	23066	0	1331208.1350566084	2.8757545040499664	2.9176516168275706	17097	889866	49166.77475574228	2596318.973659883	62.087012589428575	62.17138593175555	5747	275787	356814.061351446	17146060.01196107	0	0	0	0	0	0	41.08934342298535	21.58981669053827	0.3358404523827183	0.33614084342282274	7.1167172964773755	7.25721919170167	1.9503478872216153	0
52.00000000000049	0	57.71300334070096	0	23066	0	1331208.1350566084	2.9672083163359844	2.9185873561017543	17126	906992	50816.40962557007	2647135.3832854424	62.249431469437624	62.172956542360666	5664	281451	352580.7798428947	17498640.791803952	0	0	0	0	0	0	41.07670775466824	20.979124090048877	0.33574386543651985	0.3307252131262408	7.113292748741187	6.938325285883268	1.9885210385773937	0
53.00000000000052	0	57.71300334070096	0	23066	0	1331208.1350566084	2.881415057301573	2.9178988245123323	17117	924109	49321.18153583102	2696456.564821267	62.000431337980785	62.16952128605307	5718	287169	354518.4663905741	17853159.258194573	0	0	0	0	0	0	41.08522325025781	21.517355224777578	0.3357125620462521	0.33405386457907343	7.114658416358657	7.1879556683576675	2.025570978580748	0
54.00000000000055	0	57.71300334070096	0	23066	0	1331208.1350566084	2.855920688299839	2.9167717637357753	17116	941225	48881.93850094004	2745338.503322205	61.98836119639538	62.16596208190457	5755	292924	356743.01868525543	18209902.276879814	0	0	0	0	0	0	41.099878609996416	21.705211020162373	0.33572206433105795	0.3362351016592662	7.117923851025736	7.298053833900122	2.0622909603879953	0
55.000000000000576	0	57.71300334070096	0	23066	0	1331208.1350566084	3.0302976537658646	2.918798757926015	17111	958336	51851.42315358771	2797189.9264757857	62.63896519495555	62.1749905516329	5700	298624	357042.10161124665	18566944.378490824	0	0	0	0	0	0	41.07442952919495	20.67089518982129	0.33567558768532124	0.3331190462275729	7.113622255395922	6.885868890303392	2.1012416111450807	0
56.000000000000604	0	57.71300334070096	0	23066	0	1331208.1350566084	2.972822529072531	2.9197457738346535	17099	975435	50832.29242461121	2848022.2189004053	62.47409440342722	62.18060531521833	5713	304337	356914.5013267797	18923858.8798176	0	0	0	0	0	0	41.063030120754924	21.015077016022904	0.3356481979834638	0.3341131060295924	7.111976472815054	7.021412655274509	2.139426693617145	0
57.00000000000063	0	57.71300334070096	0	23066	0	1331208.1350566084	2.791146262592155	2.917527636167219	17120	992555	47784.42401557769	2895806.6429159543	62.049707724476974	62.17818551514136	5732	310069	355668.924676702	19279527.804494366	0	0	0	0	0	0	41.09342011695368	22.230905114535638	0.33563379359330214	0.33481308411214955	7.117442039844496	7.443197904002236	2.1753222254706346	0
58.00000000000066	0	57.71300334070096	0	23066	0	1331208.1350566084	3.062331066312901	2.919983620975538	17125	1009680	52442.41951060843	2948249.062426581	62.32700325938271	62.180872312366866	5701	315770	355326.2455817408	19634854.050076086	0	0	0	0	0	0	41.05977677128629	20.352797235089767	0.3355875128753665	0.3329051094890511	7.111360587655509	6.775550191956015	2.214716831114625	0
59.00000000000069	0	57.71300334070096	0	23066	0	1331208.1350566084	2.9063157914009365	2.919755604185081	17130	1026810	49785.18950669804	2998034.251933283	61.739271396452565	62.172937042696226	5778	321548	356729.5101287029	19991583.560204886	0	0	0	0	0	0	41.06026552755191	21.243139365351716	0.3356161315141068	0.3373029772329247	7.112257533919596	7.165374153707076	2.252115332667941	0
60.00000000000072	0	57.71300334070096	0	23066	0	1331208.1350566084	2.9882917469108112	2.9208791797965397	17114	1043924	51141.624956631626	3049175.8768899227	62.2512153566729	62.17430942332225	5738	327286	357197.4737165891	20348781.033921447	0	0	0	0	0	0	41.04494071280765	20.83170608125059	0.33561063832232996	0.33528105644501577	7.110114353617102	6.984476422473758	2.290532784912901	0
61.000000000000746	0	57.71300334070096	0	23066	0	1331208.1350566084	2.908901723534864	2.9206858562811817	17126	1061050	49817.85091725808	3098993.727807148	61.948193279448446	62.17044547859764	5690	332976	352485.21976006165	20701266.25368153	0	0	0	0	0	0	41.04633456606746	21.29607637764046	0.33555628858206493	0.3322433726497723	7.109557593176655	7.0754802399144126	2.327955821630677	0
62.000000000000774	0	57.71300334070096	0	23066	0	1331208.1350566084	2.9801369263437274	2.9216300282022685	17123	1078173	51028.88458978364	3150022.6123969243	62.09433719321812	62.16915859259324	5727	338703	355614.26910556015	21056880.52278711	0	0	0	0	0	0	41.03262931174754	20.836068518972535	0.3355389162963643	0.33446241896863865	7.107278712773464	6.968881878651855	2.366288583612789	0
63.000000000000796	0	57.71300334070096	0	23066	0	1331208.1350566084	2.817557098330009	2.920004342984046	17109	1095282	48205.58439532812	3198228.196792252	61.65495809919377	62.160616079061334	5722	344425	352789.67024358676	21409670.1930307	0	0	0	0	0	0	41.05254833191775	21.882416557143497	0.3355218108213227	0.3344438599567479	7.110461458283645	7.318439858552521	2.4025004900201052	0
64.00000000000082	0	57.71300334070096	0	23066	0	1331208.1350566084	2.968132764439879	2.9207450025545545	17119	1112401	50811.46479444629	3249039.661586689	61.88443189347843	62.15608801691517	5741	350166	355278.5235004597	21764948.716531117	0	0	0	0	0	0	41.04058767635508	20.849617185219387	0.3355192956496803	0.3353583737367837	7.108610314811784	6.992093712269671	2.440669926831935	0
65.00000000000085	0	57.71300334070096	0	23066	0	1331208.1350566084	2.934627785972582	2.9209555188975598	17128	1129529	50264.30471813839	3299303.966304842	61.785652435175585	62.15017001673497	5685	355851	351251.4340939732	22116200.150625154	0	0	0	0	0	0	41.03560378854219	21.053999669228528	0.3354646051584333	0.3319126576366184	7.106774193934734	6.988088984094125	2.478428338454033	0
66.00000000000088	0	57.71300334070096	0	23066	0	1331208.1350566084	2.780200618956892	2.9188565225063323	17099	1146628	47538.6503835439	3346842.6166883907	61.73007974184484	62.14351395947289	5729	361580	353651.6268410291	22469851.777466208	0	0	0	0	0	0	41.06283278263255	22.203462340428313	0.3354584049927265	0.3350488332651032	7.111496606934363	7.4392441516061645	2.514139245810776	0
67.00000000000091	0	57.71300334070096	0	23066	0	1331208.1350566084	2.9043473797607264	2.9186430772210827	17120	1163748	49722.427141503635	3396565.0438298807	61.94317534233234	62.14043058475577	5652	367232	350102.82703486236	22819954.60450103	0	0	0	0	0	0	41.06477933559877	21.327743290623694	0.33538016821511185	0.33014018691588787	7.110466729742175	7.041145156460579	2.551490600442766	0
68.00000000000094	0	57.71300334070096	0	23066	0	1331208.1350566084	2.955581383360051	2.919178293494369	17110	1180858	50569.99746929047	3447135.0412991736	61.96716907939837	62.13778240605126	5700	372932	353212.8637525707	23173167.46825351	0	0	0	0	0	0	41.05634315445879	20.96615218524317	0.33534768786763525	0.3331385154880187	7.108620726989211	6.98463281448779	2.5894786476440723	0
69.00000000000097	0	57.71300334070096	0	23066	0	1331208.1350566084	2.7916511244370676	2.917357723821582	17102	1197960	47742.81753012273	3494877.8588293027	62.138389422008935	62.13779154260905	5699	378631	354126.68131602893	23527294.14956961	0	0	0	0	0	0	41.08196739284749	22.258651476208026	0.3353175398176901	0.33323587884457956	7.1128386423648	7.4173812865693804	2.6253429248167013	0
70.000000000001	0	57.71300334070096	0	23066	0	1331208.1350566084	2.9248709795135337	2.9174636618936294	17133	1215093	50111.814492005375	3544989.6733213156	61.948900253537836	62.1349755777051	5730	384361	354967.1984527718	23882261.34802231	0	0	0	0	0	0	41.079510426743994	21.18004544044579	0.3353051988613217	0.3344423043249869	7.112423957911367	7.083503202810622	2.6629867861876972	0
71.00000000000102	0	57.71300334070096	0	23066	0	1331208.1350566084	2.857325788825968	2.9166294717951806	17092	1232185	48837.412382613446	3593827.085703945	62.00557146658355	62.13308817868382	5689	390050	352749.6960733938	24235011.044095624	0	0	0	0	0	0	41.09061253009273	21.700560611277268	0.33527108348178236	0.33284577580154456	7.113925787040035	7.222939931989022	2.699673320093646	0
72.00000000000105	0	57.71300334070096	0	23066	0	1331208.1350566084	3.027894342816621	2.9181537640128563	17115	1249300	51822.411677306474	3645649.4973812615	62.36225983858158	62.136407778379045	5733	395783	357522.8356545882	24592533.879750192	0	0	0	0	0	0	41.07028649315273	20.59591675863124	0.33526694949171537	0.33496932515337424	7.110870651012477	6.899000337553778	2.7386021775071514	0
73.00000000000108	0	57.71300334070096	0	23066	0	1331208.1350566084	2.859855702953904	2.917367255665704	17085	1266385	48860.63468496745	3694510.1320662126	61.823214573737786	62.13199433188998	5657	401440	349733.92484363465	24942267.804593913	0	0	0	0	0	0	41.079846028930596	21.617599276033918	0.33521085609826395	0.33110916008194324	7.1114911044936475	7.157785139275614	2.7753061559446577	0
74.00000000000111	0	57.71300334070096	0	23066	0	1331208.1350566084	2.95410946950992	2.917856860619852	17103	1283488	50524.13425702816	3745034.266323252	61.555338240414734	62.12387780084958	5731	407171	352773.64345581684	25295041.448049724	0	0	0	0	0	0	41.070171316112166	20.837189303829902	0.33520921114961727	0.3350874115652225	7.109747919408781	6.982279828114902	2.8132597508232613	0
75.00000000000114	0	57.71300334070096	0	23066	0	1331208.1350566084	2.8137234494204497	2.9164863027930363	17118	1300606	48165.31800717926	3793199.5843304396	62.29791584879625	62.126286349006634	5714	412885	355970.2911600218	25651011.739209604	0	0	0	0	0	0	41.09029744968831	22.14073876436859	0.33519067265566976	0.3338006776492581	7.113314043829572	7.390593603201432	2.8494414092272184	0
76.00000000000117	0	57.71300334070096	0	23066	0	1331208.1350566084	2.9711273084122944	2.9171956300528086	17106	1317712	50824.10373770071	3844023.6880681464	61.96983389355391	62.12412160886171	5793	418678	358991.2477453578	26010002.986955002	0	0	0	0	0	0	41.07956412487609	20.85734721568334	0.335235620530131	0.33865310417397404	7.112654171949761	7.063405379425558	2.8876203403795175	0
77.0000000000012	0	57.71300334070096	0	23066	0	1331208.1350566084	2.828686601427693	2.916060580981382	17118	1334830	48421.457243239245	3892445.1453113784	62.09786894931162	62.12376674037727	5737	424415	356255.47416220076	26366258.46111722	0	0	0	0	0	0	41.095432263189785	21.952898181781475	0.33523444933062635	0.33514429255754175	7.115698632140428	7.357388530720898	2.9239944098943296	0
78.00000000000122	0	57.71300334070096	0	23066	0	1331208.1350566084	2.830426506589227	2.9149768058043564	17110	1351940	48428.59752774167	3940873.7428391413	62.17352269236605	62.124427375265526	5711	430126	355072.9880961025	26721331.44921346	0	0	0	0	0	0	41.11093799351815	21.966132152743135	0.3352160598843144	0.333781414377557	7.118355322913758	7.331886658346934	2.960373843171834	0
79.00000000000125	0	57.71300334070096	0	23066	0	1331208.1350566084	2.9209242910774647	2.915051208722754	17127	1369067	50026.670333283735	3990900.4131724345	62.20280298078691	62.12545863086657	5735	435861	356733.07509481296	27078064.524308134	0	0	0	0	0	0	41.11024245919695	21.29558892395724	0.33521149804940154	0.3348514042155661	7.118512044449069	7.130857854784538	2.997953744477925	0
80.00000000000128	0	57.71300334070096	0	23066	0	1331208.1350566084	2.934694438587088	2.915293894953777	17126	1386193	50259.57695524247	4041159.9901276613	61.970094601315104	62.12344161527896	5733	441594	355274.5523493395	27433339.0766575	0	0	0	0	0	0	41.10612832668796	21.11637034046743	0.33520584795912256	0.3347541749386897	7.1178936943809115	7.068793131022993	3.0357086046171244	0
81.00000000000131	0	57.71300334070096	0	23066	0	1331208.1350566084	2.9629311113502106	2.9158754571658934	17132	1403325	50760.93579965181	4091920.9259273275	61.949168999193716	62.12119657812408	5763	447357	357013.0609423534	27790352.137599852	0	0	0	0	0	0	41.09715990246674	20.908069297285625	0.3352202804054656	0.3363880457623161	7.116843360323933	7.033224571576994	3.073840084182871	0
82.00000000000134	0	57.71300334070096	0	23066	0	1331208.1350566084	3.0256735170481077	2.917199645006883	17131	1420456	51832.81302055113	4143753.738947897	61.81964861948332	62.11738237127899	5731	453088	354288.4062382589	28144640.543838058	0	0	0	0	0	0	41.07719741330806	20.431698354485878	0.3352120727428375	0.3345397233086218	7.113320562910336	6.835214714234928	3.1127767550576815	0
83.00000000000136	0	57.71300334070096	0	23066	0	1331208.1350566084	2.9345601758531	2.9174064023831128	17121	1437577	50242.60477078093	4193996.343718708	62.02546431462541	62.11622791425363	5763	458851	357452.75084518624	28502093.294683192	0	0	0	0	0	0	41.073890547806734	21.136204609126516	0.33522865210002667	0.3366041703171544	7.113335106841649	7.114534616108645	3.150518865737222	0
84.00000000000139	0	57.71300334070096	0	23066	0	1331208.1350566084	2.8881036696816005	2.917061445617096	17125	1454702	49458.775343297406	4243455.119062081	62.0136451655918	62.11496072728319	5739	464590	355896.30960533133	28857989.604288496	0	0	0	0	0	0	41.07831333070698	21.47209804709971	0.3352274211487989	0.33512408759124085	7.114296461798737	7.195817266703956	3.1876721658417693	0
85.00000000000142	0	57.71300334070096	0	23066	0	1331208.1350566084	2.827456218275117	2.916019954075597	17107	1471809	48369.29352603242	4291824.412588051	61.883836316167574	62.11215605913873	5707	470297	353171.05385636835	29211160.658144765	0	0	0	0	0	0	41.09202312980237	21.886753158611125	0.335208576656346	0.3336061261471912	7.116406883659938	7.3015549351840585	3.224007050111322	0
86.00000000000145	0	57.71300334070096	0	23066	0	1331208.1350566084	2.814516043131623	2.914853381151964	17112	1488921	48161.99853006833	4339986.411118164	62.1207974522186	62.112259538657895	5700	475997	354088.54547764605	29565249.203622542	0	0	0	0	0	0	41.108504343365404	22.07157340737655	0.3351843381885271	0.3330995792426367	7.119021677010025	7.3520318152201	3.2601862149329564	0
87.00000000000148	0	57.71300334070096	0	23066	0	1331208.1350566084	2.8859332439109564	2.914524345211979	17135	1506056	49450.46613441424	4389436.877252572	62.11402005591197	62.112280443377195	5720	481717	355292.1947198165	29920541.398342334	0	0	0	0	0	0	41.11315247063514	21.52302732121979	0.3351688117838912	0.33381966734753427	7.119762832302073	7.184809820681483	3.2973332731818945	0
88.0000000000015	0	57.71300334070096	0	23066	0	1331208.1350566084	2.924927848752641	2.9146412299149036	17113	1523169	50054.29027570394	4439491.167528254	61.79188197019137	62.10849398408229	5761	487478	355983.0320302725	30276524.430372465	0	0	0	0	0	0	41.110204609395986	21.125950849195483	0.3351853930850746	0.33664465610939054	7.119674614202938	7.1119384586113	3.334933922515031	0
89.00000000000153	0	57.71300334070096	0	23066	0	1331208.1350566084	2.8822366051529493	2.914281121492141	17117	1540286	49335.24397040303	4488826.411498644	62.315771926432085	62.11089254692757	5707	493185	355636.1103841479	30632160.540756475	0	0	0	0	0	0	41.11610750382156	21.62063024771182	0.3351656770236177	0.3334112286031431	7.120651534649512	7.208560894063876	3.371994426181719	0
90.00000000000156	0	57.71300334070096	0	23066	0	1331208.1350566084	2.8770590411366492	2.9138722835717457	17106	1557392	49214.97195768352	4538041.383456368	61.9902708712433	62.10950458751044	5741	498926	355886.1450718078	30988046.685828235	0	0	0	0	0	0	41.12140007088307	21.546402067144438	0.33517059288862405	0.33561323512217933	7.1218510564284685	7.231257702997558	3.4089645818333225	0
91.00000000000159	0	57.71300334070096	0	23066	0	1331208.1350566084	2.730260172126474	2.91187986772571	17085	1574477	46646.49504078081	4584687.878497172	61.83294223974713	62.106365507808334	5728	504654	354179.09314927156	31342225.778977506	0	0	0	0	0	0	41.14845882776505	22.64727108097845	0.33517161571747317	0.33526485220954055	7.126643030003654	7.592833991913641	3.444005304476458	0
92.00000000000162	0	57.71300334070096	0	23066	0	1331208.1350566084	2.9373910564387313	2.9121540407704383	17105	1591582	50244.0740203845	4634931.9525174955	62.08089536765701	62.106078374404575	5754	510408	357213.47194549843	31699439.25092309	0	0	0	0	0	0	41.144486190506	21.134705653704607	0.3351847407170978	0.3363928675825782	7.126457890722403	7.109564240363421	3.4817485188523127	0
93.00000000000165	0	57.71300334070096	0	23066	0	1331208.1350566084	2.8592032648328876	2.911590857901194	17110	1608692	48920.96786129071	4683852.920378787	61.859232461127895	62.10334080725589	5724	516132	354082.24660749605	32053521.4975306	0	0	0	0	0	0	41.15150445084371	21.635129345987018	0.33517789607954784	0.33454120397428405	7.127621255427327	7.23784221954586	3.5184978194109453	0
94.00000000000168	0	57.71300334070096	0	23066	0	1331208.1350566084	2.9224698741603907	2.9117053027205166	17103	1625795	49983.00225776516	4733835.922636502	61.68052116197356	62.098721523313046	5701	521833	351640.65114441124	32405162.148675017	0	0	0	0	0	0	41.148300534422	21.10561402440257	0.33515849169175693	0.3333333333333333	7.126645459427374	7.035204674800856	3.5560449173751487	0
95.0000000000017	0	57.71300334070096	0	23066	0	1331208.1350566084	2.915931918292576	2.9117493079912924	17105	1642900	49877.01546239451	4783712.938098894	61.622342355548525	62.09353583336432	5743	527576	353897.1121479152	32759059.260823015	0	0	0	0	0	0	41.14589770666602	21.132983924957855	0.335164647878751	0.33574978076585793	7.126319625990667	7.095394719732999	3.5935123983414297	0
96.00000000000173	0	57.71300334070096	0	23066	0	1331208.1350566084	3.022361372164301	2.9128894049895018	17110	1660010	51712.60307773119	4835425.541176623	62.08443858845381	62.0934381742056	5725	533301	355433.41091889807	33114492.671742022	0	0	0	0	0	0	41.12975978754619	20.541699334912884	0.33515882434443167	0.33459964932787845	7.1236131160478635	6.8732453940605645	3.632358767827843	0
97.00000000000176	0	57.71300334070096	0	23066	0	1331208.1350566084	2.9972633852018724	2.9137506873833807	17120	1677130	51313.14915465606	4886738.69033129	62.14642946863529	62.09399836892881	5698	538999	354110.3551122839	33468603.026854258	0	0	0	0	0	0	41.11779440444143	20.734390502838504	0.33513502232981346	0.33282710280373834	7.121275224059845	6.900967119461087	3.670905068592813	0
98.00000000000179	0	57.71300334070096	0	23066	0	1331208.1350566084	2.9507451529149384	2.914124226812567	17107	1694237	50478.397330915854	4937217.087662243	61.82911350343622	62.091230813494725	5691	544690	351869.4849480555	33820472.51180244	0	0	0	0	0	0	41.11157412298654	20.95372873606431	0.33511014102513403	0.3326708364996785	7.1197356775541865	6.970694466413865	3.708824306014546	0
99.00000000000182	0	57.71300334070096	0	23066	0	1331208.1350566084	2.998228138000115	2.914965046738232	17109	1711346	51296.685213043966	4988513.772875287	62.07089499549661	62.09102050233595	5692	550382	353307.5343143667	34173780.046116665	0	0	0	0	0	0	41.09964336522471	20.702525671345104	0.3350859498897359	0.33269039686714597	7.1173479312073455	6.88753148175208	3.7473582391104867	0
100.00000000000185	0	57.71300334070096	0	23066	0	1331208.1350566084	2.855913926780942	2.9143808036561865	17101	1728447	48838.98406188089	5037352.756937125	61.921037057171084	62.08927177001509	5721	556103	354250.2530040758	34528030.2991207	0	0	0	0	0	0	41.10728253508263	21.681688820000854	0.33508056654326107	0.3345418396584995	7.118667316835063	7.253432064746207	3.7840459536576647	0
101.00000000000188	0	57.71300334070096	0	23066	0	1331208.1350566084	3.016766611925338	2.9153849150170643	17119	1745566	51644.02762954986	5088996.784566677	62.34640678469165	62.0918983053207	5739	561842	357806.0285373454	34885836.32765799	0	0	0	0	0	0	41.0940253648532	20.666632459479985	0.3350821452755152	0.33524154448273846	7.116735575968426	6.928313784973167	3.8228408094503363	0
102.0000000000019	0	57.71300334070096	0	23066	0	1331208.1350566084	2.926289150593717	2.915490705465678	17101	1762667	50042.47076430316	5139039.25533107	62.31326510293494	62.094121174469514	5699	567541	355123.29782162624	35240959.6254796	0	0	0	0	0	0	41.09329667577665	21.29429523063097	0.33506442226467054	0.3332553651833226	7.116537925371449	7.0964381334054085	3.8604325799981214	0
103.00000000000193	0	57.71300334070096	0	23066	0	1331208.1350566084	2.815610359852065	2.9145307772772635	17105	1779772	48161.01520526957	5187200.27053631	62.045634373598055	62.093637373022815	5720	573261	354901.0286169809	35595860.65409643	0	0	0	0	0	0	41.10666514410473	22.03629992924802	0.3350580860919264	0.33440514469453375	7.118882415028698	7.369052066372329	3.8966110061487336	0
104.00000000000196	0	57.71300334070096	0	23066	0	1331208.1350566084	2.9149073381449684	2.9145343631161995	17111	1796883	49876.979462998555	5237077.249999326	61.709496358384726	62.08981272102245	5765	579026	355755.24650608795	35951615.90060274	0	0	0	0	0	0	41.105302300718485	21.17031150556447	0.3350757951408077	0.3369177721933259	7.119013574921804	7.1326541890935165	3.9340784600723793	0
105.00000000000199	0	57.71300334070096	0	23066	0	1331208.1350566084	2.9131808154231638	2.9145216035337818	17100	1813983	49815.391943736104	5286892.64194302	62.17747711544628	62.09068064673577	5790	584816	360007.59249843395	36311623.493101425	0	0	0	0	0	0	41.10578005055027	21.34350081747826	0.33510898393204347	0.3385964912280702	7.120029510250028	7.226834487321586	3.9714996496157977	0
106.00000000000202	0	57.71300334070096	0	23066	0	1331208.1350566084	3.0017403064866084	2.9153370596793273	17120	1831103	51389.79404705074	5338282.4359899955	61.95899570036479	62.08941595279538	5671	590487	351369.4646167687	36662992.95771828	0	0	0	0	0	0	41.09384844395112	20.64102466375074	0.3350729041457526	0.33125	7.117308150768308	6.8373394198674315	4.010103525819416	0
107.00000000000205	0	57.71300334070096	0	23066	0	1331208.1350566084	2.815112946451358	2.914409655638967	17102	1848205	48144.06161021112	5386426.497600217	61.95885664707004	62.08817074341458	5686	596173	352298.05889524025	37015291.0166137	0	0	0	0	0	0	41.10649779529701	22.00936794567103	0.33504887174312376	0.33247573383230034	7.119098194091128	7.317580758922083	4.046269216474676	0
108.00000000000207	0	57.71300334070096	0	23066	0	1331208.1350566084	2.905598781729658	2.9143287798552215	17122	1865327	49749.6623407752	5436176.159941001	61.6919433699901	62.084426774596785	5687	601860	350842.0819451337	37366133.09855882	0	0	0	0	0	0	41.10635386898559	21.232092936542962	0.3350222239853924	0.33214577736245765	7.118485511704869	7.052150013440008	4.083641030115725	0
109.0000000000021	0	57.71300334070096	0	23066	0	1331208.1350566084	2.9985953232873666	2.9150943916933003	17103	1882430	51284.97581418383	5487461.1357552195	62.15501953746088	62.08509032711728	5711	607571	354967.3165784391	37721100.41513697	0	0	0	0	0	0	41.095785443239365	20.72804524663908	0.33501219168840274	0.33391802607729637	7.116644215616654	6.921467953198608	4.122166167142503	0
110.00000000000213	0	57.71300334070096	0	23066	0	1331208.1350566084	2.957533931853207	2.915476729892941	17113	1899543	50612.27817580393	5538073.413931027	62.00198199813423	62.08431305019862	5736	613307	355643.3687412979	38076743.78387816	0	0	0	0	0	0	41.09012950183918	20.964081368724464	0.3350137375147601	0.33518377841407115	7.115823314982435	7.0268200041491	4.1601859754977575	0
111.00000000000216	0	57.71300334070096	0	23066	0	1331208.1350566084	2.867686231943014	2.915049979595051	17115	1916658	49080.449859704684	5587153.863790692	61.663593992477416	62.08043423055556	5707	619014	351914.1309150686	38428657.91479312	0	0	0	0	0	0	41.094814294709906	21.50290826995287	0.33499977565115946	0.33345018989190767	7.116300538548982	7.170148845844056	4.197055078508143	0
112.00000000000219	0	57.71300334070096	0	23066	0	1331208.1350566084	2.84093725461353	2.914393659617406	17125	1933783	48651.0504852567	5635804.914275927	61.38864383580822	62.074102463530274	5718	624732	351020.26545315137	38779678.1802462	0	0	0	0	0	0	41.10189624141461	21.608588410784627	0.33499001697708586	0.3338978102189781	7.117153082020077	7.2150603522841745	4.233601617853897	0
113.00000000000222	0	57.71300334070096	0	23066	0	1331208.1350566084	2.898177726940097	2.914251572159717	17094	1950877	49541.45006431402	5685346.364340233	62.4641412163102	62.0776240626143	5692	630424	355545.89180323767	39135224.07204956	0	0	0	0	0	0	41.105108614401416	21.552902237731292	0.3349724252220924	0.332982332982333	7.117672277791324	7.17673566965991	4.270817022988271	0
114.00000000000225	0	57.71300334070096	0	23066	0	1331208.1350566084	2.7663259023631706	2.9129648116473743	17119	1967996	47356.73312255512	5732703.097462786	62.32056686656018	62.07980928224059	5722	636146	356598.2836104573	39491822.35566022	0	0	0	0	0	0	41.12401637807457	22.528280855600567	0.3349661279799349	0.33424849582335414	7.12107879942091	7.530043989470555	4.306391274583826	0
115.00000000000227	0	57.71300334070096	0	23066	0	1331208.1350566084	2.8117873391568486	2.912093502023653	17095	1985091	48067.50456288633	5780770.602025636	61.81642187542459	62.07747186170857	5696	641842	352106.33900241845	39843928.69466275	0	0	0	0	0	0	41.13551818276628	21.984742947864987	0.33495089142009105	0.33319684118163206	7.122776471235722	7.325246904418775	4.342499455789318	0
116.0000000000023	0	57.71300334070096	0	23066	0	1331208.1350566084	2.946221907332498	2.912385419967267	17126	2002217	50456.99638497636	5831227.598410602	61.862385648444764	62.075585475622056	5679	647521	351316.4880975178	40195245.18276027	0	0	0	0	0	0	41.13074732315798	20.997191519920104	0.3349222386984028	0.3316010743898167	7.121391270876754	6.962691267174254	4.380402616877514	0
117.00000000000233	0	57.71300334070096	0	23066	0	1331208.1350566084	2.8925855055591554	2.9122177501381046	17100	2019317	49463.21214506156	5880690.810555627	61.95839933363498	62.07456789001209	5672	653193	351428.0410203776	40546673.22378067	0	0	0	0	0	0	41.13276599080972	21.41972958606042	0.3348949174399067	0.33169590643274854	7.12125202768151	7.104836620592672	4.417559249895627	0
118.00000000000236	0	57.71300334070096	0	23066	0	1331208.1350566084	2.9069650722287994	2.912173522659421	17147	2036464	49845.73009350723	5930536.540649096	62.15850405949776	62.07528858047334	5657	658850	351630.6574645788	40898303.88124486	0	0	0	0	0	0	41.13363815346506	21.382611250929205	0.3348529608183597	0.3299119379483292	7.1206899623418325	7.054378716189801	4.455003229376228	0
119.00000000000239	0	57.71300334070096	0	23066	0	1331208.1350566084	2.9521273435479993	2.9125062947675113	17104	2053568	50493.18608404498	5981029.726733129	62.287233765301195	62.07709604869812	5667	664517	352981.7537479619	41251285.634992726	0	0	0	0	0	0	41.12955896596997	21.099101263850493	0.3348235850967682	0.3313260056127222	7.119592397228918	6.990680943769923	4.492933576069824	0
120.00000000000242	0	57.71300334070096	0	23066	0	1331208.1350566084	2.87334537854677	2.912181845599621	17156	2070724	49295.11331434838	6030324.840047429	62.15359685113826	62.07774723155685	5705	670222	354586.2700357438	41605871.90502849	0	0	0	0	0	0	41.13436485886505	21.631091519729942	0.3348046383776882	0.3325367218465843	7.120193551587744	7.193132263934444	4.529963933694708	0
121.00000000000244	0	57.71300334070096	0	23066	0	1331208.1350566084	2.935535940356731	2.9123733234001454	17118	2087842	50250.50422702652	6080575.344274406	62.240983792751194	62.07912115918446	5689	675911	354088.95679696155	41959960.861825526	0	0	0	0	0	0	41.13213218147122	21.202596410789496	0.3347844329216483	0.3323402266619932	7.1195843396046365	7.046475696984546	4.567711978424648	0
122.00000000000247	0	57.71300334070096	0	23066	0	1331208.1350566084	2.890616700535622	2.9121963732302887	17120	2104962	49487.35791316985	6130062.7021875745	62.01242038160132	62.07856240081295	5710	681621	354090.92037894356	42314051.78220452	0	0	0	0	0	0	41.13443957374268	21.453007024456276	0.3347742144513773	0.33352803738317754	7.119871694246436	7.155179328834424	4.60488674967938	0
123.0000000000025	0	57.71300334070096	0	23066	0	1331208.1350566084	2.8943915380415253	2.9120527484994465	17118	2122080	49546.19434819483	6179608.896535706	61.788728094736086	62.07613996780244	5745	687366	354976.24290425883	42669028.025108494	0	0	0	0	0	0	41.13563649224061	21.347743483435245	0.33478096961471765	0.3356116368734665	7.1202299201866435	7.164551134030581	4.642105718707108	0
124.00000000000253	0	57.71300334070096	0	23066	0	1331208.1350566084	3.01115914493253	2.9128460340483704	17123	2139203	51560.07803867971	6231168.974574376	61.83712663194898	62.07416090613831	5739	693105	354883.2697407552	43023911.29484899	0	0	0	0	0	0	41.12375417260042	20.53598752361345	0.33478402937916596	0.3351632307422765	7.118266189039643	6.882907924897365	4.680837511791048	0
125.00000000000256	0	57.71300334070096	0	23066	0	1331208.1350566084	2.9171954117623473	2.912880525656898	17100	2156303	49884.04154113614	6281053.016115546	61.93431830227468	62.07301825569718	5710	698815	353644.9575059884	43377556.252355024	0	0	0	0	0	0	41.12287494846175	21.23077461748052	0.3347771625787285	0.3339181286549708	7.11803646183221	7.089340530164548	4.718310270728965	0
126.00000000000259	0	57.71300334070096	0	23066	0	1331208.1350566084	2.9259333283343234	2.912983360140422	17123	2173426	50100.75638106862	6331153.772496557	62.03443488355339	62.072705058171756	5719	704534	354774.9330990418	43732331.18545398	0	0	0	0	0	0	41.12131570607337	21.20158866328932	0.3347710020953094	0.33399521111954683	7.117745191448846	7.081229081665107	4.7559458252764735	0
127.00000000000261	0	57.71300334070096	0	23066	0	1331208.1350566084	2.9358286457896314	2.913162081163353	17137	2190563	50311.295502896915	6381465.067999438	62.184340350790514	62.073605979090495	5732	710266	356440.6388907312	44088771.82434469	0	0	0	0	0	0	41.119102192884306	21.181188636459122	0.3347687329695608	0.33448094765711617	7.117484695977543	7.084704047626987	4.79373953625071	0
128.00000000000264	0	57.71300334070096	0	23066	0	1331208.1350566084	2.914722449354594	2.9131741708878396	17105	2207668	49856.327496210324	6431321.395495615	61.821145862672786	62.071583133253604	5737	716003	354667.91381415376	44443439.73815898	0	0	0	0	0	0	41.11823716926893	21.2099597601006	0.33477361632274416	0.335399006138556	7.117456127332612	7.113799423776506	4.831191476471957	0
129.00000000000267	0	57.71300334070096	0	23066	0	1331208.1350566084	2.9066236705532003	2.91312381662348	17102	2224770	49709.078013800834	6481030.47350942	62.13243718289645	62.07206911105824	5764	721767	358131.36792221514	44801571.10608117	0	0	0	0	0	0	41.11911473457339	21.37615468158324	0.33479101210462203	0.3370366039059759	7.11812410537198	7.2045465784496425	4.868532803274839	0
130.0000000000027	0	57.71300334070096	0	23066	0	1331208.1350566084	2.8566576813659843	2.9126927428150755	17115	2241885	48891.69621657882	6529922.169725976	61.82926805688424	62.070160043226586	5720	727487	353663.41328537784	45155234.51936678	0	0	0	0	0	0	41.12454486639701	21.643919206769986	0.33478657469049483	0.334209757522641	7.118988779061383	7.233608989934228	4.905260115052029	0
131.00000000000273	0	57.71300334070096	0	23066	0	1331208.1350566084	2.9269615821404176	2.912800936455669	17129	2259014	50135.924940483215	6580058.094666466	61.95853755787864	62.06929225892789	5700	733187	353163.6640799083	45508398.183446564	0	0	0	0	0	0	41.12271940745164	21.16821004277406	0.334771276317898	0.3327689882655146	7.118418355070375	7.04412383932583	4.942922088127606	0
132.00000000000276	0	57.71300334070096	0	23066	0	1331208.1350566084	2.967261486330845	2.9132107765925954	17129	2276143	50826.22199936105	6630884.3166658	61.74973398384712	62.06682923455253	5695	738882	351664.73503800936	45860062.91848464	0	0	0	0	0	0	41.116088659864374	20.810344578092273	0.33475401150103484	0.33247708564422906	7.116889512750598	6.918962716576303	4.981102610512389	0
133.00000000000279	0	57.71300334070096	0	23066	0	1331208.1350566084	2.7795820989828277	2.9122133658870175	17117	2293260	47578.106788289064	6678462.423454062	61.86881174780169	62.06531519828726	5693	744575	352219.14528023504	46212282.063764736	0	0	0	0	0	0	41.129650712424876	22.25831421581044	0.3347378840602461	0.3325933282701408	7.118927559112046	7.402966806718982	5.0168431574151	0
134.0000000000028	0	57.71300334070096	0	23066	0	1331208.1350566084	2.8947538139803215	2.912084019975137	17116	2310376	49546.60628008718	6728009.029734078	62.097880240217954	62.065564626260944	5747	750322	356876.5177405326	46569158.581505366	0	0	0	0	0	0	41.13156321910813	21.451869219521857	0.33474551328441776	0.3357677027342837	7.119545545326835	7.202844847195146	5.054062435884961	0
135.00000000000284	0	57.71300334070096	0	23066	0	1331208.1350566084	2.853805375283156	2.911655125126386	17129	2327505	48882.832273225176	6776891.862007288	62.072113500819555	62.06561399266225	5699	756021	353748.97484117065	46922907.556346506	0	0	0	0	0	0	41.13763896682784	21.75064706178876	0.3347305376357946	0.3327106077412575	7.120390390457025	7.236671002693337	5.090783089091555	0
136.00000000000287	0	57.71300334070096	0	23066	0	1331208.1350566084	2.888859449115556	2.9114886079317555	17127	2344632	49477.495785002124	6826369.357792248	62.03220222107038	62.06536375286881	5705	761726	353893.7136712065	47276801.27001775	0	0	0	0	0	0	41.139905808752985	21.472904207943365	0.3347186253535736	0.333099783966836	7.120623988736955	7.152619752806499	5.127950451941884	0
137.0000000000029	0	57.71300334070096	0	23066	0	1331208.1350566084	2.8276269618540635	2.910881059450846	17110	2361742	48380.69731732303	6874750.05510956	62.01110423939604	62.06496025309301	5707	767433	353897.3718942332	47630698.64191193	0	0	0	0	0	0	41.14835376213921	21.930440286485176	0.33471014192066706	0.3335476329631794	7.121990819226701	7.314846447397481	5.1642939027090735	0
138.00000000000293	0	57.71300334070096	0	23066	0	1331208.1350566084	2.9264854930149156	2.9109933080659784	17112	2378854	50078.019756471236	6924828.074865985	61.92572290345177	62.063929600350384	5723	773156	354400.9121764545	47985099.5540885	0	0	0	0	0	0	41.14641301619116	21.16044075778241	0.33470822505290365	0.3344436652641421	7.121665282657508	7.07697536563749	5.201912377564845	0
139.00000000000296	0	57.71300334070096	0	23066	0	1331208.1350566084	2.813487425415474	2.910297284259638	17103	2395957	48119.07543688085	6972947.150302869	61.97866358987336	62.063300914605016	5743	778899	355943.4649966427	48341043.01908493	0	0	0	0	0	0	41.15603753029524	22.02912407924512	0.33471594022764184	0.3357890428579781	7.123566274553512	7.397138489569357	5.2380592986733445	0
140.00000000000298	0	57.71300334070096	0	23066	0	1331208.1350566084	2.8413148019920107	2.9098081313413826	17111	2413068	48617.737576885294	7021564.887879687	62.058117362863	62.06326306664625	5729	784628	355530.95437184215	48696573.97345652	0	0	0	0	0	0	41.162943053613624	21.84133814364914	0.33471663459131695	0.3348138624276781	7.124876421048085	7.312782784464141	5.27458081345116	0
141.000000000003	0	57.71300334070096	0	23066	0	1331208.1350566084	2.8172638363473994	2.9091565605974306	17110	2430178	48203.384239904	7069768.272119543	61.71764727387539	62.060775193748334	5689	790317	351111.6953410771	49047685.668797605	0	0	0	0	0	0	41.17130722928583	21.906946192832518	0.3347009972109039	0.3324956165984804	7.1259611156605045	7.2839635821755815	5.310791067107554	0
142.00000000000304	0	57.71300334070096	0	23066	0	1331208.1350566084	2.9294753985632633	2.909298642709502	17113	2447291	50132.112495613124	7119900.384615179	61.92918118141329	62.059826494113075	5739	796056	355411.5708001309	49403097.23959768	0	0	0	0	0	0	41.16897044411592	21.140024323735894	0.3347055989663673	0.3353590837375095	7.125704382645854	7.089499187396734	5.348450176284727	0
143.00000000000307	0	57.71300334070096	0	23066	0	1331208.1350566084	3.0048029639034133	2.9099618701225864	17114	2464405	51424.19792424302	7171324.582539453	62.24513481147497	62.06114185872841	5691	801747	354237.06221210404	49757334.30180993	0	0	0	0	0	0	41.16003939061363	20.715213462986913	0.3346905236761003	0.3325347668575435	7.124003641008739	6.8885286793186	5.387079896589198	0
144.0000000000031	0	57.71300334070096	0	23066	0	1331208.1350566084	2.9460852290112656	2.9102108532737576	17104	2481509	50389.84175700869	7221714.4242965095	62.073706567827124	62.06123136002441	5752	807499	357047.9601781416	50114382.26198835	0	0	0	0	0	0	41.15654869680278	21.069895044638493	0.3347015868167313	0.3362956033676333	7.12373646678177	7.085713066929408	5.424932611300045	0
145.00000000000313	0	57.71300334070096	0	23066	0	1331208.1350566084	2.8992067116445934	2.9101355167986633	17106	2498615	49593.83000939241	7271308.254305893	62.095338509490865	62.06147184509425	5734	813233	356054.6710134206	50470436.93300153	0	0	0	0	0	0	41.15769677886164	21.41804454994066	0.33470502658472795	0.3352040219805916	7.124116219028737	7.1794146760996	5.462187364109435	0
146.00000000000315	0	57.71300334070096	0	23066	0	1331208.1350566084	2.966437501268011	2.910518616821676	17118	2515733	50779.477146705816	7322087.731452646	61.8577820449665	62.0600424997118	5747	818980	355496.6734124225	50825933.60641397	0	0	0	0	0	0	41.15178825800003	20.852548559855123	0.33471199050137673	0.33572847295244773	7.123260967964802	7.000794285166924	5.500332771885653	0
147.00000000000318	0	57.71300334070096	0	23066	0	1331208.1350566084	2.817670745867341	2.909890896053291	17124	2532857	48249.793852232346	7370337.52530485	61.95749918352261	62.05932942195981	5735	824715	355326.25781750213	51181259.86423159	0	0	0	0	0	0	41.16042045600712	21.988906714666808	0.33471332965106204	0.334910067741182	7.124838966871627	7.364306237363592	5.536577888319044	0
148.0000000000032	0	57.71300334070096	0	23066	0	1331208.1350566084	2.867920048233567	2.9096091454584805	17118	2549975	49093.0553856622	7419430.580690488	62.148033292931615	62.05994412300597	5755	830470	357661.93160082144	51538921.79583277	0	0	0	0	0	0	41.16461747126993	21.670071775958448	0.3347232816008	0.3361958172683725	7.1259012879623205	7.285387490982642	5.5734564605669155	0
149.00000000000324	0	57.71300334070096	0	23066	0	1331208.1350566084	3.019858042780354	2.910343970613535	17110	2567085	51669.77111197186	7471100.351802447	62.22328232434207	62.061068235952526	5755	836225	358094.9897765886	51897016.7856094	0	0	0	0	0	0	41.1546101718704	20.604704407579934	0.33473414398042917	0.3363530099357101	7.124549586303494	6.930454346325103	5.612270654794898	0
150.00000000000327	0	57.71300334070096	0	23066	0	1331208.1350566084	2.790592038213005	2.9095509528884445	17113	2584198	47755.40154993915	7518855.753352412	61.991430832676095	62.06059505170528	5721	841946	354652.97579373996	52251669.761403054	0	0	0	0	0	0	41.165664506923825	22.214436930871912	0.3347313170275652	0.3343072517968796	7.126467065493151	7.426447360574897	5.64814438504966	0
151.0000000000033	0	57.71300334070096	0	23066	0	1331208.1350566084	2.982986035160294	2.9100341655340594	17117	2601315	51059.77196383876	7569915.525316232	61.79465823133746	62.05878463456095	5771	847717	356616.97265304846	52608286.73405611	0	0	0	0	0	0	41.15820679833186	20.715704835010015	0.33474723361069303	0.33715020155401065	7.12550816303322	6.984304060457019	5.68650034954476	0
152.00000000000333	0	57.71300334070096	0	23066	0	1331208.1350566084	2.9028214298240087	2.9099869903974858	17126	2618441	49713.71980716597	7619629.245123384	61.77110637217649	62.05685116837937	5736	853453	354319.06615080434	52962605.80020688	0	0	0	0	0	0	41.15820960860052	21.279678363102594	0.3347484247305935	0.3349293471914049	7.125519128113997	7.127188782597014	5.723845163250423	0
153.00000000000335	0	57.71300334070096	0	23066	0	1331208.1350566084	2.849299857426939	2.9095924375470195	17135	2635576	48822.7530570106	7668451.998180424	62.128358429650795	62.05732681923946	5715	859168	355063.5684254543	53317669.368632324	0	0	0	0	0	0	41.16395431001147	21.804780661364237	0.3347404893655125	0.3335278669390137	7.126454924234521	7.272501983057871	5.760520685110094	0
154.00000000000338	0	57.71300334070096	0	23066	0	1331208.1350566084	3.02875769719335	2.9103604811182358	17097	2652673	51782.670348914704	7720234.668529354	62.15840318119937	62.05799471467575	5715	864883	355235.2741805544	53672904.64281291	0	0	0	0	0	0	41.15332063928988	20.522738824171878	0.3347374516195551	0.3342691700298298	7.124668502900234	6.860118873494898	5.799419688943726	0
155.0000000000034	0	57.71300334070096	0	23066	0	1331208.1350566084	2.8335804332617394	2.909868216153874	17117	2669790	48502.39627614119	7768737.064805451	61.94507374384857	62.057252934812745	5719	870602	354263.87674106995	54027168.51955385	0	0	0	0	0	0	41.16002766400891	21.86106066258493	0.3347334434543541	0.3341122860314307	7.1257884251739405	7.304048953048035	5.835854559644118	0
156.00000000000344	0	57.71300334070096	0	23066	0	1331208.1350566084	2.9187195262386525	2.909924590525967	17113	2686903	49948.04725252206	7818685.112057992	62.038937533212405	62.057134174100774	5682	876284	352505.2430637129	54379673.76261772	0	0	0	0	0	0	41.15918945279381	21.255532426290323	0.3347162141692499	0.33202828259218137	7.125351782201446	7.057437927083598	5.873375399501679	0
157.00000000000347	0	57.71300334070096	0	23066	0	1331208.1350566084	2.934785977675427	2.9100818311534793	17102	2704005	50190.709790205154	7868875.821848163	62.21282848152542	62.058144939970056	5726	882010	356230.65588521457	54735904.41850299	0	0	0	0	0	0	41.15731282827772	21.198420925672643	0.33471683669223984	0.3348146415623904	7.125174398849658	7.097541703917762	5.911078526810194	0
158.0000000000035	0	57.71300334070096	0	23066	0	1331208.1350566084	3.0319780896740087	2.9108485652901965	17116	2721121	51895.33698286033	7920771.158831025	62.71587463881273	62.06237780288954	5713	887723	358295.7918115371	55094200.21031451	0	0	0	0	0	0	41.147925925047055	20.684804699744976	0.33471095184668376	0.3337812573031082	7.123726618772633	6.9042001197501195	5.950062165518694	0
159.00000000000352	0	57.71300334070096	0	23066	0	1331208.1350566084	3.0243169321028867	2.9115586498197623	17136	2738257	51824.69494851507	7972595.853779513	61.58995658947936	62.05934959057863	5727	893450	352725.6813879483	55446925.89170247	0	0	0	0	0	0	41.136850510874645	20.364914779832368	0.33470780865346095	0.33420868347338933	7.121662137162348	6.806131357615544	5.988992738119412	0
160.00000000000355	0	57.71300334070096	0	23066	0	1331208.1350566084	2.937293808314217	2.911718540948334	17119	2755376	50283.53270453108	8022879.386484057	62.05958492678825	62.059351084531045	5708	899158	354236.1107621073	55801162.002464764	0	0	0	0	0	0	41.134592077097764	21.128150255559802	0.33469987399178913	0.3334306910450377	7.12118023782968	7.044773740214694	6.026765593753596	0
161.00000000000358	0	57.71300334070096	0	23066	0	1331208.1350566084	2.931994837771047	2.9118436950129705	17113	2772489	50175.22765877593	8073054.614142816	61.75331602562249	62.05742528492477	5694	904852	351623.38144989446	56152785.38391475	0	0	0	0	0	0	41.13216270184867	21.06187747334795	0.3346877120161703	0.3327295038859347	7.1204762343943235	7.007908042613406	6.064457090926293	0
162.0000000000036	0	57.71300334070096	0	23066	0	1331208.1350566084	2.9425453884720016	2.9120320147279086	17111	2789600	50349.89414214442	8123404.508284974	61.804550168743866	62.05583733461384	5718	910570	353398.41786487744	56506183.80177932	0	0	0	0	0	0	41.128957397985765	21.00377122843213	0.3346845425867508	0.3341710011103968	7.119846349870696	7.018851258498914	6.102279797095391	0
163.00000000000364	0	57.71300334070096	0	23066	0	1331208.1350566084	2.941701949337166	2.9122127807099507	17100	2806700	50303.10333366554	8173707.6116186185	62.139840176191825	62.05636172782311	5720	916290	355439.8858078172	56861623.68758704	0	0	0	0	0	0	41.126584520835124	21.12377162825533	0.3346834360637047	0.3345029239766082	7.11951474015595	7.065963375065525	6.140067354133949	0
164.00000000000367	0	57.71300334070096	0	23066	0	1331208.1350566084	2.909266988122209	2.9121949181149915	17123	2823823	49815.37863761659	8223522.990256229	62.363862939477	62.05827339256145	5732	922022	357469.66236908216	57219093.3499563	0	0	0	0	0	0	41.12749321422073	21.436280408120897	0.33468386651712945	0.3347544238743211	7.119856240979341	7.175889698028907	6.177488533681874	0
165.0000000000037	0	57.71300334070096	0	23066	0	1331208.1350566084	2.91649172119865	2.912220815882582	17123	2840946	49939.087742084484	8273462.077998358	62.32460750134462	62.05992089816932	5739	927761	357680.9224502168	57576774.27240647	0	0	0	0	0	0	41.127693197458214	21.369718641179553	0.3346867557496693	0.3351632307422765	7.120112699146497	7.162343939831188	6.215002643179113	0
166.00000000000372	0	57.71300334070096	0	23066	0	1331208.1350566084	2.8876517191295537	2.9120736539505394	17119	2858065	49433.70977977883	8322895.787778148	61.93305195545083	62.05913984882224	5747	933508	355929.2495879759	57932703.52199435	0	0	0	0	0	0	41.12950337881718	21.447549074276786	0.33469287787366625	0.3357088614989193	7.120587974209377	7.200132281667661	6.25213711409916	0
167.00000000000375	0	57.71300334070096	0	23066	0	1331208.1350566084	2.9118955998694456	2.9120725936838623	17121	2875186	49854.56456536478	8372750.352343529	61.98914545918788	62.05871587165584	5689	939197	352656.24851731985	58285359.77051155	0	0	0	0	0	0	41.12937276087676	21.28824448993541	0.3346785216678156	0.332281992874248	7.120308787050065	7.073700303909965	6.289587730011496	0
168.00000000000378	0	57.71300334070096	0	23066	0	1331208.1350566084	2.904122321598396	2.9120255949271057	17098	2892284	49654.68345468937	8422405.03579815	62.16272343692001	62.05934635061855	5728	944925	356068.07984667784	58641427.85035823	0	0	0	0	0	0	41.130253078808416	21.404994884205273	0.33468048089330094	0.33500994268335477	7.120606968022826	7.170886109295112	6.326888195766618	0
169.0000000000038	0	57.71300334070096	0	23066	0	1331208.1350566084	3.056991996017306	2.9128778873811565	17105	2909389	52289.84809187602	8474694.883889975	61.91509662065599	62.05847674562769	5731	950656	354835.41873297945	58996263.269091435	0	0	0	0	0	0	41.11792004916829	20.253601154769093	0.3346826429879263	0.335048231511254	7.118541992447177	6.785933248639677	6.366168190167795	0
170.00000000000384	0	57.71300334070096	0	23066	0	1331208.1350566084	2.855917833736267	2.9125446338794765	17122	2926511	48899.025149232366	8523593.90903926	62.05007618284925	62.05842631925552	5741	956397	356229.48736573756	59352492.756457016	0	0	0	0	0	0	41.122607450112206	21.726842225594414	0.33468625267425955	0.33529961453101276	7.11949695622625	7.285001823217938	6.402901007419702	0
171.00000000000387	0	57.71300334070096	0	23066	0	1331208.1350566084	2.847852889049651	2.912168717898833	17105	2943616	48712.52366719428	8572306.432706492	62.07007248887384	62.058496027588646	5759	962156	357461.54746342445	59709954.30392058	0	0	0	0	0	0	41.12793968019348	21.795392847552275	0.33469786820020003	0.33668517977199647	7.120739665358062	7.338185759079424	6.43949372525579	0
172.0000000000039	0	57.71300334070096	0	23066	0	1331208.1350566084	2.9553299901312053	2.912418247828301	17117	2960733	50586.38344107584	8622892.81614743	62.153920058692236	62.05906006711226	5721	967877	355582.5766557783	60065536.88057642	0	0	0	0	0	0	41.12460959105839	21.031126901646893	0.3346951582597958	0.33422912893614537	7.120202735288562	7.029215224882974	6.477494081555285	0
173.00000000000392	0	57.71300334070096	0	23066	0	1331208.1350566084	2.9099725046866523	2.9124041869855892	17120	2977853	49818.729280235486	8672711.545427598	61.96500270956818	62.058506508377825	5730	973607	355059.4655258257	60420596.34610221	0	0	0	0	0	0	41.12461806788064	21.29401656193333	0.3346951646034912	0.334696261682243	7.120241940217119	7.127027739478853	6.514917778096961	0
174.00000000000395	0	57.71300334070096	0	23066	0	1331208.1350566084	2.8038906728754105	2.9117831406177457	17141	2994994	48061.49002375741	8720773.035451304	61.79068345231919	62.05693379401257	5751	979358	355358.2205342877	60775954.56663656	0	0	0	0	0	0	41.132849305976784	22.03747958152462	0.33469983579265933	0.33551134706259844	7.121749694576141	7.393824460261834	6.551021441196693	0
175.00000000000398	0	57.71300334070096	0	23066	0	1331208.1350566084	2.8672121628191523	2.9115301355374235	17098	3012092	49023.59355988187	8769796.62901119	61.879346409744564	62.0558990222584	5740	985098	355187.4483919338	61131142.01502871	0	0	0	0	0	0	41.13606824847508	21.581711745008235	0.33470558004204387	0.3357117791554568	7.122439982639376	7.245234847136932	6.58784783390635	0
176.000000000004	0	57.71300334070096	0	23066	0	1331208.1350566084	2.911098926691941	2.911527700767235	17104	3029196	49791.43604213896	8819588.065053305	62.12420173115711	62.056294088232924	5731	990829	356033.8001212614	61487175.81514974	0	0	0	0	0	0	41.136238338853076	21.340463960718992	0.3347076253897074	0.33506782039289057	7.122598412404047	7.150502745491146	6.625251027840406	0
177.00000000000404	0	57.71300334070096	0	23066	0	1331208.1350566084	2.7647641739548523	2.9107037663276136	17102	3046298	47282.99690297589	8866871.061956277	61.76813545303501	62.05462200181693	5783	996612	357205.12732490146	61844380.942474775	0	0	0	0	0	0	41.147308334171946	22.34119496878422	0.33472693741715354	0.3381475850777687	7.124902193355353	7.55462112644598	6.660769888984507	0
178.00000000000406	0	57.71300334070096	0	23066	0	1331208.1350566084	2.8386466631812604	2.9103009327830462	17126	3063424	48614.66275364227	8915485.72470997	62.252442998574764	62.055748354234176	5707	1002319	355274.6921928662	62199655.63466764	0	0	0	0	0	0	41.153390821478844	21.930324688176828	0.3347186024526804	0.33323601541515824	7.125900453594296	7.307974015848718	6.697289093963393	0
179.0000000000041	0	57.71300334070096	0	23066	0	1331208.1350566084	2.783610016749119	2.9095959533466207	17142	3080566	47716.6429071134	8963202.367617186	61.84416309152537	62.054551912502845	5700	1008019	352511.7296216946	62552167.3642892	0	0	0	0	0	0	41.16295086107987	22.21725123828625	0.334706349417607	0.33251662583129155	7.127293670189533	7.387605417001028	6.733133708829111	0
